{
  "drive": {
    "p": 0.4,
    "i": 0,
    "d": 0.00005,
    "f": 0,
    "iz": 0
  },
  "angle": {
    "p": 0.0105, 
    "i": 0,
    "d": 0.000005,
    "f": 0,
    "iz": 0
  }
}